{"cameraMode":{"drawMode":0,"name":"Shaded","section":"Shading Mode"},"sceneLighting":false,"audioPlay":false,"sceneViewState":{"m_AlwaysRefresh":false,"showFog":true,"showSkybox":false,"showFlares":true,"showImageEffects":true,"showParticleSystems":true,"showVisualEffectGraphs":true,"m_FxEnabled":false},"in2DMode":false,"pivot":{"x":-0.002065107226371765,"y":0.025708355009555818,"z":0.027249470353126527},"rotation":{"x":0.3548175096511841,"y":0.47839897871017458,"z":-0.21969392895698548,"w":0.7726419568061829},"size":0.21267402172088624,"orthographic":true}