{"cameraMode":{"drawMode":0,"name":"Shaded","section":"Shading Mode"},"sceneLighting":true,"audioPlay":false,"sceneViewState":{"m_AlwaysRefresh":false,"showFog":true,"showSkybox":true,"showFlares":true,"showImageEffects":true,"showParticleSystems":true,"showVisualEffectGraphs":true,"m_FxEnabled":true},"in2DMode":false,"pivot":{"x":0.5630755424499512,"y":-1.3377405405044556,"z":4.1101274490356449},"rotation":{"x":0.20977585017681123,"y":0.7899145483970642,"z":-0.3948116600513458,"w":0.41970738768577578},"size":2.80063796043396,"orthographic":true}