{"cameraMode":{"drawMode":0,"name":"Shaded","section":"Shading Mode"},"sceneLighting":false,"audioPlay":false,"sceneViewState":{"m_AlwaysRefresh":false,"showFog":true,"showSkybox":false,"showFlares":true,"showImageEffects":true,"showParticleSystems":true,"showVisualEffectGraphs":true,"m_FxEnabled":false},"in2DMode":false,"pivot":{"x":-0.004125416278839111,"y":0.6473654508590698,"z":0.050327688455581668},"rotation":{"x":-0.1843721866607666,"y":-0.6236616969108582,"z":0.15460613369941712,"w":-0.7437443733215332},"size":0.9754713177680969,"orthographic":true}