{"cameraMode":{"drawMode":0,"name":"Shaded","section":"Shading Mode"},"sceneLighting":false,"audioPlay":false,"sceneViewState":{"m_AlwaysRefresh":false,"showFog":true,"showSkybox":false,"showFlares":true,"showImageEffects":true,"showParticleSystems":true,"showVisualEffectGraphs":true,"m_FxEnabled":false},"in2DMode":false,"pivot":{"x":0.03637450933456421,"y":0.2582477033138275,"z":-0.0057916343212127689},"rotation":{"x":-0.15530802309513093,"y":0.8432832360267639,"z":-0.33632978796958926,"w":-0.38940662145614626},"size":0.6583279371261597,"orthographic":true}