{"cameraMode":{"drawMode":0,"name":"Shaded","section":"Shading Mode"},"sceneLighting":false,"audioPlay":false,"sceneViewState":{"m_AlwaysRefresh":false,"showFog":true,"showSkybox":false,"showFlares":true,"showImageEffects":true,"showParticleSystems":true,"showVisualEffectGraphs":true,"m_FxEnabled":false},"in2DMode":false,"pivot":{"x":0.9951586723327637,"y":0.3622565269470215,"z":7.533956527709961},"rotation":{"x":-0.056372251361608508,"y":0.8914068341255188,"z":-0.11563391983509064,"w":-0.4345656633377075},"size":1.0543919801712037,"orthographic":true}