{"cameraMode":{"drawMode":0,"name":"Shaded","section":"Shading Mode"},"sceneLighting":false,"audioPlay":false,"sceneViewState":{"m_AlwaysRefresh":false,"showFog":true,"showSkybox":false,"showFlares":true,"showImageEffects":true,"showParticleSystems":true,"showVisualEffectGraphs":true,"m_FxEnabled":false},"in2DMode":false,"pivot":{"x":0.03990086913108826,"y":0.15936005115509034,"z":2.9802322387695315e-8},"rotation":{"x":-0.15530802309513093,"y":0.8432832360267639,"z":-0.33632978796958926,"w":-0.38940662145614626},"size":0.5228520631790161,"orthographic":true}