{"cameraMode":{"drawMode":0,"name":"Shaded","section":"Shading Mode"},"sceneLighting":false,"audioPlay":false,"sceneViewState":{"m_AlwaysRefresh":false,"showFog":true,"showSkybox":false,"showFlares":true,"showImageEffects":true,"showParticleSystems":true,"showVisualEffectGraphs":true,"m_FxEnabled":false},"in2DMode":false,"pivot":{"x":0.012670174241065979,"y":0.02446642331779003,"z":0.007662296295166016},"rotation":{"x":-0.1843721866607666,"y":-0.6236616969108582,"z":0.15460613369941712,"w":-0.7437443733215332},"size":0.1878957897424698,"orthographic":true}