{"cameraMode":{"drawMode":0,"name":"Shaded","section":"Shading Mode"},"sceneLighting":false,"audioPlay":false,"sceneViewState":{"m_AlwaysRefresh":false,"showFog":true,"showSkybox":false,"showFlares":true,"showImageEffects":true,"showParticleSystems":true,"showVisualEffectGraphs":true,"m_FxEnabled":false},"in2DMode":false,"pivot":{"x":-0.02015320211648941,"y":0.23932968080043794,"z":-0.03165659308433533},"rotation":{"x":0.003027992555871606,"y":0.9967424869537354,"z":-0.06677962094545365,"w":0.045179080218076709},"size":0.3582199215888977,"orthographic":true}