{"cameraMode":{"drawMode":0,"name":"Shaded","section":"Shading Mode"},"sceneLighting":false,"audioPlay":false,"sceneViewState":{"m_AlwaysRefresh":false,"showFog":true,"showSkybox":false,"showFlares":true,"showImageEffects":true,"showParticleSystems":true,"showVisualEffectGraphs":true,"m_FxEnabled":false},"in2DMode":false,"pivot":{"x":0.0013415813446044922,"y":0.08506949990987778,"z":0.013992846012115479},"rotation":{"x":-0.1843721866607666,"y":-0.6236616969108582,"z":0.15460613369941712,"w":-0.7437443733215332},"size":0.5579262375831604,"orthographic":true}