{"cameraMode":{"drawMode":0,"name":"Shaded","section":"Shading Mode"},"sceneLighting":false,"audioPlay":false,"sceneViewState":{"m_AlwaysRefresh":false,"showFog":true,"showSkybox":false,"showFlares":true,"showImageEffects":true,"showParticleSystems":true,"showVisualEffectGraphs":true,"m_FxEnabled":false},"in2DMode":false,"pivot":{"x":-0.22903859615325929,"y":0.2820091247558594,"z":-0.021143317222595216},"rotation":{"x":-0.15530802309513093,"y":0.8432832360267639,"z":-0.33632978796958926,"w":-0.38940662145614626},"size":0.8292893767356873,"orthographic":true}